Index,Title
0,Polowanie na Czerwony Październik
1,Rick i Morty
2,Eragon
3,Ocean's Eleven: Ryzykowna gra
4,Black Mirror
5,Żywot Briana
6,Monty Python i Święty Graal
7,Pulp Fiction
8,Skazani na Shawshank
9,Forrest Gump
10,Kac Wawa
11,Ostatni samuraj
12,Doom patrol
13,Bogdan Boner: Egzorcysta
14,Przyjaciele
15,Władca Pierścieni
16,Mroczny Rycerz
17,Nowy Początek
18,Ciekawy Przypadek Benjamina Buttona
19,Equilibrium
20,BoJack Horseman
21,Sharknado
22,Star Trek: Discovery
23,Kapitan Bomba
24,Teoria Wielkiego Podrywu
25,Bękarty wojny
26,Ex Machina
27,True Romance
28,The Simpsons
29,Matrix
30,Jessica Jones
31,Pearl Harbob
32,Tenacious D: Kostka Przeznaczenia
33,Braveheart
34,Wyspa tajemnic
35,Westworld
36,Avatar Legenda Aanga
37,Zielona Mila
38,Everything Is Illuminated
39,Spider-Man
40,Czas na miłość
41,South Park
42,Szeregowiec Ryan
43,Home Alone
44,The Expanse
45,How I met your mother
46,Zielona latarnia
47,She
48,Django
49,Łowca Androidów
50,Marsjanin
51,Harry Potter i Kamień Filozoficzny
52,Incepcja
53,Piękny umysł
54,Miłość, śmierć i roboty
55,Wróg u bram
56,Black List
57,Skyfall
58,Wielkie Piękno
59,House of Cards
60,Efekt Motyla
61,Disco Polo
62,Riverdale
63,Helikopter w ogniu
64,Kraina Lodu
65,Suits
66,Altered Carbon
67,Na wspólnej
68,Zamiana z księżniczką
69,Dziennik Bridget Jones
70,Resident Evil
71,Smoleńsk
72,Ku jezioru
73,9 Kompania
74,The 100
75,Jack Strong
76,7 pieczęć
77,Grand Budapest Hotel
78,High School Musical
79,Kapitan Ameryka: Wojna Bohaterów
80,Joker
81,Obcy II
82,Black Lightning
83,Ojciec Chrzestny II
84,Interstellar
85,Ostatni Władca Wiatru
86,Vinvi
87,La Casa De Papel
88,Świat według Kiepskich
89,Straszny film
90,Lucyfer
91,Avengers: Czas Ultrona
92,Planeta Singli
93,Joker
94,Podróżnicy
95,Godzilla
96,Last Minute
97,Hobbit
98,Kryptonim UNCLE
99,Bladerunner
100,Mindhunter
101,Wiedźmin
102,Botoks
103,Serenity
104,Speed 2: Wyścig z czasem
105,Terminator 2
106,Na noże
107,Akademia Pana Kleksa
108,13 Posterunek
109,365 dni
110,Orange is the new black
112,Listy do M.
113,Testosteron
114,Underworld
115,Parasite
116,X-Men: Mroczna Phoenix
117,Avatar
118,Legion samobójców
119,Dexter
120,Lejdis
121,Pitbull: Ostatni pies
122,Grinch Świąt nie będzie
123,Siedem
124,John Wick
125,Iron Sky
126,Dystrykt 9
127,Ostatnia rodzina
128,Znaki
129,Pacific Rim
130,Kosmiczny wykop
131,Shrek
132,Listy do M.2
133,Gra o tron
134,Gran Torino
135,Ghost in the shell
136,Star Trek: Discovery
137,Bad Boy
138,Batman begins
139,Atak Paniki
140,Inferno
141,Twój Vincent
142,Dragon Ball
143,Amores Perros
144,Paranormal Activity
145,Ostatni Samuraj
146,Sherlock
147,Blair Witch
148,The Old Guard
149,Breakfast at Tiffany's
150,Broken Flowers
151,W pogoni za szczęściem
152,Battleship: Bitwa o Ziemię
153,Kosmiczny Mecz
154,Iron Sky
155,Dziś w lesie nie zaśnie nikt
156,Watchmen. Strażnicy
157,Dwunastu Gniewnych Ludzi
158,Star Wars
159,Wataha
160,Harry Potter
161,Big Lebowski
162,The Titans
163,Cicha noc
164,Leon Zawodowiec
165,Jak wytresować smoka
166,Utopia
167,Cube
168,Chilling Adventures of Sabrina
169,Igrzyska śmierci
170,Niezgodna
171,Cast Away - poza światem
172,Lejdis
173,Killer
174,Dynastia
175,Coco
176,Narodziny Gwiazdy
177,Vicky Cristina Barcelona
178,Pitch Black
179,Dirty Dancing
180,Północ Południe
181,Shadowhunters
182,Moana
183,Kapitan Phillips
184,Wojna Światów
185,Harry Angel
186,Arrow
187,John Wick 2
188,Chłopaki nie płaczą
189,The Order
190,Gambit królowej
191,Matrix 3
192,Narcos
193,World War Z
194,Million Dollar Hotel
195,Zabójczy rejs
196,Terminal
197,Milczenie owiec
198,Braveheart
199,Van Helsing
200,Wyjazd Integracyjny
201,Star Wars (Lucas)
202,Breaking Bad
203,Zombieland
204,Krzyk
205,Sposób na morderstwo
206,Transcendencja
207,Sprzedawcy
208,Wikingowie
209,Curon
210,Boże Ciało
212,Star Wars (Disney)
213,Mandalorian
214,Devs
215,Jestem Legendą
216,Diabeł ubiera się u Prady
217,W pogoni za Amy
218,Brickleberry
219,Naruto
220,Daredevil
221,The sinner
222,Epidemia
223,Elf
224,Fargo
225,Zagubiona Autostrada
226,iZombie
227,Nietykalni
228,Pan Życia i Śmierci
229,I-Boy
230,To nie jest kraj dla starych ludzi
231,Miasteczko Twin Peaks
232,Paranomal
233,Ona
234,Tenet
235,Gladiator
236,Prosta Historia
237,Possessed
238,Król lew
239,Whiplash
240,Blood of Zeus
241,Green Book
242,Constantine
243,Snowpiercer
244,Zenek
245,Gotham
246,Kształt wody
247,Zwierzogród
248,Chłopaki z baraków
249,Rozczarowani
250,Ugotowany
251,Closer
252,Lucy
253,Aquaman
254,Grace i Frankie
255,Niebo
256,Baby Driver
257,Lucy
258,Dzikie historie
259,Grown Ups
260,Wieczór gier